<?xml version="1.0" encoding="UTF-8" ?>
<!DOCTYPE mapper PUBLIC "-//mybatis.org//DTD Mapper 3.0//EN" "http://mybatis.org/dtd/mybatis-3-mapper.dtd" >

<mapper namespace="com.dzlin.springboothello.mapper.UserMapper">
    <resultMap id="BaseResultMap" type="com.dzlin.springboothello.entity.UserEntity">
        <id column="id" property="id" jdbcType="BIGINT"/>
        <result column="email" property="email" jdbcType="VARCHAR"/>
        <result column="name" property="name" jdbcType="VARCHAR"/>
    </resultMap>

    <sql id="BaseColumnList">
        id, email, name
    </sql>

    <select id="getAll" resultMap="BaseResultMap">
        select
        <include refid="BaseColumnList"/>
        from user
    </select>

    <select id="getOne" parameterType="java.lang.Long" resultMap="BaseResultMap">
        select
        <include refid="BaseColumnList"/>
        from user
        where id = #{id}
    </select>

    <insert id="insert" useGeneratedKeys="true" keyProperty="id" keyColumn="id"
            parameterType="com.dzlin.springboothello.entity.UserEntity">
        insert into user(email, name)
        values (#{email}, #{name})
    </insert>

    <update id="update" parameterType="com.dzlin.springboothello.entity.UserEntity">
        update user set
        <if test="email != null">email = #{email},</if>
        name = #{name}
        where id = #{id}
    </update>

    <delete id="delete" parameterType="java.lang.Long">
        delete from user where id = #{id}
    </delete>
</mapper>
